[
    {
        "id":1,
        "name": "Shital",
         "CustomerImg":"assets/contact1.jpg"
         
     },
     {
        "id":2,
        "name": "Advita",
         "CustomerImg":"assets/contact2.jpg"
         
     },
     {
        "id":3,
        "name": "Ramesh",
         "CustomerImg":"assets/conttact.jpg"
         
     },
     {
        "id":4,
        "name": "pradnya",
         "CustomerImg":"assets/contact1.jpg"
         
     },
     {
        "id":5,
        "name": "Ram",
         "CustomerImg":"assets/contact1.jpg"
         
     }
]