[{
    "id":1,
    "title": "Hotel Garva",
     "type": "PureVeg",
     "description": "Raw organic brown eggs in a basket",
     "FamilyType": "Family",
     "rating": 4,
     "img":"assets/hotel1.jpg"
     
   }, {
     "id":2,
     "title": "Hotel Pragati",
     "type": "PureVeg",
     "description": "Sweet fresh stawberry on the wooden table",
     "FamilyType": "Resto-bar",
     "rating": 4,
     "img":"assets/hotel1.jpg"
   }, {
     "id":3,
     "title": "Hotel westend",
     "type": "vegePure",
     "description": "Asparagus with ham on the wooden table",
     "FamilyType":"Resto-bar",
     "rating": 3,
     "img":"assets/hotel1.jpg"
   }, {
     "id":3,
     "title": "Hotel Green smoothie",
     "type": "Veg-Nonveg",
     "description": "Glass of green smoothie with quail egg's yolk, served with cocktail tube, green apple and baby spinach leaves over tin surface.",
     "FamilyType": "Family",
     "rating": 4,
     "img":"assets/hotel1.jpg"
   }, {
     "id":4,
     "title": "Hotel cafe",
     "type": "Veg-Nonveg",
     "description": "Raw legums on the wooden table",
     "FamilyType":"Family",
     "rating": 2,
     "img":"assets/hotel2.jpg"
   }, {
     "id":5,
     "title": " Hotel Baking cake",
     "type": "Veg-Nonveg",
     "description": "Baking cake in rural kitchen - dough  recipe ingredients (eggs, flour, sugar) on vintage wooden table from above.",
     "FamilyType": "Family",
     "rating": 4,
     "img":"assets/hotel3.jpg"
   }, {
     "id":6,
     "title": "Hotel raj",
     "type": "Veg-Nonveg",
     "description": "Italian traditional pesto with basil, chesse and oil",
     "FamilyType": 18.19,
     "rating": 2,
     "img":"assets/hotel3.jpg"
     
   }, {
     "id":7,
     "title": "Hotel ceramic bowl",
     "type": "Pure-Veg",
     "description": "Hazelnut in black ceramic bowl on old wooden background. forest wealth. rustic style. selective focus",
         "FamilyType": "Family",
     "rating": 4.5,
     "img":"assets/hotel3.jpg"
   }, {
     "id":8,
     "title": "Hotel stawberry",
     "type": "Pure-Veg",
     "description": "Sweet fresh stawberry on the wooden table",
     "FamilyType": "Family",
     "rating": 4,
     "img":"assets/hotel1.jpg"
   }, {
     "id":9,
     "title": "Hotel Lemon and salt",
     "type": "Veg-Nonveg",
     "description": "Rosemary, lemon and salt on the table",
     "FamilyType": "Resto-bar",
     "rating": 5,
     "img":"assets/hotel2.jpg"
   }, {
     "id":10,
     "title": "Hotel Homemades",
     "type": "Veg-Nonveg",
     "description": "Homemade bread",
     "FamilyType": "Family",
     "rating": 3,
     "img":"assets/hotel3.jpg"
   }, {
     "id":11,
     "title": "Hotel Name",
     "type": "Pure-Veg",
     "description": "Cooked legums on the wooden table",
     "FamilyType": "Resto-bar",
     "rating": 4,
     "img":"assets/hotel1.jpg"
   }
   ]